"pcode","total","LAT","LON","MUNICIPIO","DEPARTAMEN","CODANEDEP","OBJECTID","population","ratio"
"0",392,NA,NA,NA,NA,NA,NA,47121089,1
"11001",303,4.31449390236,-74.1807895443,"Bogota D.C.","CUNDINAMARCA",11,906,7674366,4
"13001",231,10.4368878019,-75.4677861176,"Cartagena","BOLIVAR",13,177,978600,24
"13006",157,8.62634510168,-74.4773412999,"Achí","BOLIVAR",13,7,22279,705
"13030",44,8.75685336514,-74.1940002095,"Altos del Rosario","BOLIVAR",13,30,13159,334
"13042",43,8.34204153893,-74.1057103816,"Arenal","BOLIVAR",13,60,18082,238
"13052",37,10.1639584403,-75.3710439534,"Arjona","BOLIVAR",13,65,69869,53
"13074",130,8.83921171891,-74.1643508163,"Barranco de Loba","BOLIVAR",13,88,17171,757
"13140",3,10.222434223,-74.9966814957,"Calamar","BOLIVAR",13,146,22720,13
"13160",87,7.23950293728,-74.1019508365,"Cantagallo","BOLIVAR",13,163,8919,975
"13188",8,9.23547539323,-74.6881735232,"Cicuco","BOLIVAR",13,219,11105,72
"13212",10,9.54169449246,-74.8934489522,"Córdoba","BOLIVAR",13,132,12527,80
"13222",15,10.5559868104,-75.31451382,"Clemencia","BOLIVAR",13,227,12340,122
"13244",141,9.69961881603,-75.1550059303,"El Carmen de Bolívar","BOLIVAR",13,294,73457,192
"13248",12,10.0350735254,-74.9277759735,"El Guamo","BOLIVAR",13,309,7768,154
"13268",13,8.86477250969,-73.9120647894,"El Peñon","BOLIVAR",13,314,9099,143
"13300",5,8.98406172241,-74.1464654739,"Hatillo de Loba","BOLIVAR",13,418,11846,42
"13430",179,9.16871210743,-74.7478485919,"Magangué","BOLIVAR",13,529,123477,145
"13433",5,10.1764235404,-75.1817331198,"Mahates","BOLIVAR",13,531,25150,20
"13440",15,9.05455306771,-74.2255620147,"Margarita","BOLIVAR",13,546,9718,154
"13442",61,9.97997026097,-75.3437108416,"María La Baja","BOLIVAR",13,554,47410,129
"13458",668,8.019902999,-74.4626537059,"Montecristo","BOLIVAR",13,581,20262,3297
"13468",52,9.13940341825,-74.5457269592,"Mompóx","BOLIVAR",13,576,43493,120
"13473",124,8.25262288255,-73.972929553,"Morales","BOLIVAR",13,586,20566,603
"13490",111,NA,NA,NA,NA,NA,NA,5266,2108
"13549",77,8.87419555606,-74.3852255849,"Pinillos","BOLIVAR",13,682,24428,315
"13580",20,8.7234140044,-73.8483853416,"Regidor","BOLIVAR",13,754,10108,198
"13600",32,8.49649953609,-74.0356489135,"Río Viejo","BOLIVAR",13,782,17512,183
"13647",3,10.3656744759,-75.2051253549,"San Estanislao","BOLIVAR",13,828,16047,19
"13650",1,9.09178633242,-74.3597941969,"San Fernando","BOLIVAR",13,830,13556,7
"13654",26,9.83494817829,-75.1054411774,"San Jacinto","BOLIVAR",13,835,21498,121
"13655",9,8.23740770123,-74.6677021298,"San Jacinto Cauca","BOLIVAR",13,836,12857,70
"13657",17,9.96730608009,-75.0647060855,"San Juan Nepomuceno","BOLIVAR",13,851,33231,51
"13667",35,8.78649861546,-74.0097909343,"San Martín de Loba","BOLIVAR",13,862,16560,211
"13670",406,7.42254630713,-74.138304016,"San Pablo","BOLIVAR",13,868,31876,1274
"13673",10,10.6482148518,-75.2664459605,"Santa Catalina","BOLIVAR",13,891,12929,77
"13683",371,10.468875323,-75.3615633037,"Santa Rosa","BOLIVAR",13,897,21618,1716
"13688",334,7.77259884349,-74.2623862003,"Santa Rosa del Sur","BOLIVAR",13,901,40200,831
"13744",184,7.85036854343,-73.9843503353,"Simití","BOLIVAR",13,932,19726,933
"13780",9,9.30178356357,-74.6324001318,"Talaigua Nuevo","BOLIVAR",13,978,11278,80
"13810",200,8.49316470156,-74.296897119,"Tiquísio","BOLIVAR",13,1011,21243,941
"13836",17,10.352934121,-75.3747762283,"Turbaco","BOLIVAR",13,1036,70190,24
"13838",7,10.2338572004,-75.4541294521,"Turbaná","BOLIVAR",13,1037,14576,48
"13873",18,10.4482820196,-75.2632983726,"Villanueva","BOLIVAR",13,1085,19234,94
"13894",11,9.7464475167,-74.8831294231,"Zambrano","BOLIVAR",13,1109,11459,96
"15047",13,5.43444048013,-72.8822646592,"Aquitania","BOYACA",15,49,15577,83
"15104",13,5.4399622027,-73.3805737205,"Boyacá","BOYACA",15,115,4590,283
"15135",1,5.00777630814,-73.1448895288,"Campohermoso","BOYACA",15,159,3885,26
"15162",1,5.96135621572,-72.964277498,"Cerinza","BOYACA",15,186,3883,26
"15176",5,5.62249438172,-73.803861325,"Chiquinquirá","BOYACA",15,206,63381,8
"15180",5,6.68853351501,-72.4164524379,"Chiscas","BOYACA",15,209,4506,111
"15183",19,6.10173180426,-72.4461944904,"Chita","BOYACA",15,210,9786,194
"15185",4,5.98248251894,-73.424710523,"Chitaraque","BOYACA",15,212,5888,68
"15212",3,5.43690360728,-74.0300145709,"Coper","BOYACA",15,247,3780,79
"15223",23,6.88501805725,-72.1835561557,"Cubará","BOYACA",15,263,6710,343
"15224",5,5.5260331351,-73.4440721752,"Cucaita","BOYACA",15,264,4665,107
"15236",10,4.8708782375,-73.3612442269,"Chivor","BOYACA",15,215,1873,534
"15238",3,5.88221635703,-73.0676147039,"Duitama","BOYACA",15,284,111804,3
"15244",1,6.35214350927,-72.41504188,"El Cocuy","BOYACA",15,299,5309,19
"15322",3,5.01461405155,-73.4878313613,"Guateque","BOYACA",15,409,9726,31
"15325",5,4.93113912898,-73.4959464658,"Guayata","BOYACA",15,413,5371,93
"15332",4,6.5636159715,-72.2596149301,"Güicán","BOYACA",15,362,7110,56
"15362",6,5.61735984264,-72.969692132,"Iza","BOYACA",15,440,2305,260
"15377",27,5.53818432066,-72.6010554552,"Labranzagrande","BOYACA",15,503,5158,523
"15442",6,5.568890669,-74.0213196187,"Maripí","BOYACA",15,548,7563,79
"15464",2,5.70920509192,-72.6874837923,"Mongua","BOYACA",15,577,4832,41
"15480",13,5.52616412822,-74.1159663501,"Muzo","BOYACA",15,598,9283,140
"15507",66,5.75190851492,-74.1940409363,"Otanche","BOYACA",15,632,10633,621
"15518",13,5.38420265746,-72.6970109762,"Pajarito","BOYACA",15,643,1840,707
"15531",8,5.68603499305,-74.0033967015,"Pauna","BOYACA",15,663,10727,75
"15533",10,5.65725633332,-72.373694893,"Paya","BOYACA",15,665,2575,388
"15542",4,5.49393135095,-73.0760838669,"Pesca","BOYACA",15,674,8369,48
"15550",7,5.74027540734,-72.4852792588,"Pisba","BOYACA",15,684,1384,506
"15572",156,5.95364659909,-74.4535784947,"Puerto Boyacá","BOYACA",15,713,54391,287
"15580",9,5.56775893585,-74.2196988431,"Quipama","BOYACA",15,748,8074,111
"15638",4,5.5728410613,-73.5426752023,"Sachica","BOYACA",15,792,3810,105
"15660",1,5.23544794484,-73.04914116,"San Eduardo","BOYACA",15,827,1883,53
"15667",8,4.81491642226,-73.1237905665,"San Luis de Gaceno","BOYACA",15,857,5360,149
"15673",1,6.40798696467,-72.5610251849,"San Mateo","BOYACA",15,863,3890,26
"15681",15,5.67845656413,-74.1066507358,"San Pablo Borbur","BOYACA",15,870,10623,141
"15690",2,4.82258347865,-73.2537888111,"Santa María","BOYACA",15,895,4105,49
"15720",9,6.13227791657,-72.730344113,"Sativanorte","BOYACA",15,919,2418,372
"15755",10,5.93019436584,-72.5602988706,"Socota","BOYACA",15,941,8541,117
"15757",8,5.95967832313,-72.6809950356,"Socha","BOYACA",15,939,7241,110
"15759",16,5.66802761177,-72.8859071053,"Sogamoso","BOYACA",15,942,114213,14
"15761",1,4.96953062538,-73.4286628564,"Somondoco","BOYACA",15,946,3766,27
"15790",6,5.88271599031,-72.7260443117,"Tasco","BOYACA",15,989,6478,93
"15798",3,5.07069320173,-73.4247568901,"Tenza","BOYACA",15,996,4228,71
"15804",3,5.30021450657,-73.3914714011,"Tibana","BOYACA",15,1002,9295,32
"15832",7,5.71866744874,-73.9268445582,"Tununga","BOYACA",15,1035,1796,390
"15842",4,5.21767789341,-73.4626383473,"Umbita","BOYACA",15,1046,10308,39
"15897",1,5.27885495291,-73.1691709436,"Zetaquira","BOYACA",15,1114,4680,21
"17001",122,5.08338874804,-75.5067036309,"Manizales","CALDAS",17,540,393167,31
"17013",16,5.59691118863,-75.4499566766,"Aguadas","CALDAS",17,12,22503,71
"17042",73,5.20374528718,-75.7507634727,"Anserma","CALDAS",17,43,34053,214
"17050",3,5.26785313689,-75.4752658218,"Aranzazu","CALDAS",17,51,11698,26
"17088",20,4.99581731514,-75.8121820287,"Belalcázar","CALDAS",17,92,11064,181
"17174",50,4.98750402582,-75.6680745262,"Chinchiná","CALDAS",17,202,51901,96
"17272",5,5.28591051514,-75.5900266915,"Filadelfia","CALDAS",17,338,11364,44
"17380",75,5.54675100504,-74.7093841778,"La Dorada","CALDAS",17,464,76187,98
"17388",6,5.39337445651,-75.5580963996,"La Merced","CALDAS",17,474,5739,105
"17433",16,5.23328141707,-75.1498425688,"Manzanares","CALDAS",17,543,23624,68
"17442",25,5.49110274222,-75.6000576153,"Marmato","CALDAS",17,550,8968,279
"17444",14,5.3098985256,-75.0362450833,"Marquetalia","CALDAS",17,551,14970,94
"17446",2,5.22504743469,-75.2875628393,"Marulanda","CALDAS",17,553,3424,58
"17486",19,5.18390982767,-75.5062392709,"Neira","CALDAS",17,607,30050,63
"17495",12,5.63677744441,-74.8552192409,"Norcasia","CALDAS",17,614,6481,185
"17513",13,5.5004382545,-75.4830131253,"Pácora","CALDAS",17,700,12540,104
"17524",33,5.0502796502,-75.6618279633,"Palestina","CALDAS",17,645,17834,185
"17541",106,5.40178299722,-75.1726998662,"Pensilvania","CALDAS",17,671,26370,402
"17614",121,5.4459162513,-75.7544456868,"Riosucio","CALDAS",17,768,60061,201
"17616",37,5.11393552298,-75.7640483951,"Risaralda","CALDAS",17,770,9800,378
"17653",21,5.37086140543,-75.4091760222,"Salamina","CALDAS",17,796,17293,121
"17662",85,5.54026540214,-74.993350203,"Samaná","CALDAS",17,803,25760,330
"17665",5,5.07086918283,-75.812909329,"San Jose","CALDAS",17,839,7584,66
"17777",19,5.45124963687,-75.6412695513,"Supía","CALDAS",17,966,26360,72
"17867",25,5.44647759851,-74.8325741712,"Victoria","CALDAS",17,1073,8592,291
"17873",4,4.94021612426,-75.4350956424,"Villamaria","CALDAS",17,1083,54177,7
"17877",9,5.04720260937,-75.8801261119,"Viterbo","CALDAS",17,1096,12551,72
"18001",1065,1.72816626936,-75.5781620918,"Florencia","CAQUETA",18,342,166342,640
"18029",137,1.23155073737,-75.8826185988,"Albania","CAQUETA",18,18,6429,2131
"18094",207,1.48838628286,-75.8786536332,"Belén Andaquies","CAQUETA",18,98,11428,1811
"18150",1389,0.63765090279,-74.2720933843,"Cartagena del Chairá","CAQUETA",18,178,32384,4289
"18205",404,1.08189343442,-75.9616270739,"Curillo","CAQUETA",18,273,11574,3491
"18247",428,1.7738412428,-75.1717133413,"El Doncello","CAQUETA",18,302,22039,1942
"18256",404,1.74063941418,-75.2744962524,"El Paujíl","CAQUETA",18,312,19642,2057
"18410",820,1.4553908368,-75.3018577007,"La Montañita","CAQUETA",18,476,23295,3520
"18460",937,1.13840593355,-75.3832953047,"Milán","CAQUETA",18,564,11690,8015
"18479",86,1.37298551881,-75.6700932348,"Morelia","CAQUETA",18,588,3773,2279
"18592",1110,1.93892579238,-75.0695095995,"Puerto Rico","CAQUETA",18,730,33165,3347
"18610",545,1.30058725398,-76.1204174864,"San José Fragua","CAQUETA",18,844,14712,3704
"18753",2042,1.60603717906,-74.3050821377,"San Vicente del Caguán","CAQUETA",18,884,65590,3113
"18756",549,0.21715637198,-73.1406447828,"Solano","CAQUETA",18,943,22757,2412
"18785",334,0.92332662904,-75.6713895897,"Solita","CAQUETA",18,945,9143,3653
"18860",219,1.05506931187,-75.6048335741,"Valparaíso","CAQUETA",18,1063,11524,1900
"19001",270,2.47005052323,-76.592316279,"Popayán","CAUCA",19,694,272709,99
"19022",445,1.91476451123,-76.8355535105,"Almaguer","CAUCA",19,25,21139,2105
"19050",1509,2.32238831066,-77.2501765418,"Argelia","CAUCA",19,63,26221,5755
"19075",527,2.08211420646,-77.2062953532,"Balboa","CAUCA",19,78,25174,2093
"19100",1271,1.85020143366,-76.962649026,"Bolívar","CAUCA",19,113,44443,2860
"19110",468,3.02635469878,-76.6627802014,"Buenos Aires","CAUCA",19,125,31062,1507
"19130",456,2.64111387745,-76.6991765519,"Cajibío","CAUCA",19,144,36909,1235
"19137",128,2.81293866974,-76.4658333051,"Caldono","CAUCA",19,151,32613,392
"19142",195,3.07191843604,-76.3715668838,"Caloto","CAUCA",19,155,17568,1110
"19212",335,3.13465173223,-76.2216015502,"Corinto","CAUCA",19,249,31090,1078
"19256",1383,2.52788022571,-76.9978196438,"El Tambo","CAUCA",19,325,47215,2929
"19290",109,1.69720980695,-77.0833123585,"Florencia","CAUCA",19,343,6107,1785
"19300",31,NA,NA,NA,NA,NA,NA,19732,157
"19318",1316,2.39889618593,-77.6717212383,"Guapí","CAUCA",19,402,29555,4453
"19355",183,2.50732732559,-76.1302005682,"Inzá","CAUCA",19,433,29928,611
"19364",75,2.84920838729,-76.3116504287,"Jambalo","CAUCA",19,441,16901,444
"19392",201,2.18791820892,-76.7840530489,"La Sierra","CAUCA",19,487,10682,1882
"19397",662,2.05370456226,-76.7598370425,"La Vega","CAUCA",19,497,44423,1490
"19418",1616,2.99486057915,-77.2381314681,"López","CAUCA",19,453,20074,8050
"19450",282,1.792313099,-77.1793269608,"Mercaderes","CAUCA",19,562,17977,1569
"19455",554,3.21764740212,-76.206891826,"Miranda","CAUCA",19,567,38286,1447
"19473",657,2.81040393278,-76.753987933,"Morales","CAUCA",19,587,25589,2568
"19513",19,3.19488559653,-76.3373054961,"Padilla","CAUCA",19,637,7966,239
"19517",204,2.7276005537,-75.9996356975,"Paez","CAUCA",19,638,34279,595
"19532",540,2.14629275036,-77.0561359896,"Patía","CAUCA",19,662,35553,1519
"19533",295,1.19385129465,-76.335482836,"Piamonte","CAUCA",19,675,7273,4056
"19548",87,2.71494874312,-76.5665873097,"Piendamó","CAUCA",19,678,41321,211
"19573",123,3.27040902162,-76.4245724769,"Puerto Tejada","CAUCA",19,735,45395,271
"19585",49,2.28773508591,-76.3627404567,"Puracé","CAUCA",19,740,15233,322
"19622",117,2.24569480211,-76.7428532529,"Rosas","CAUCA",19,776,13141,890
"19693",180,1.85507513043,-76.7165053347,"San Sebastian","CAUCA",19,881,13688,1315
"19698",484,2.98604073471,-76.5014858744,"Santander Quilichao","CAUCA",19,908,90682,534
"19701",232,1.57010836146,-76.5711341315,"Santa Rosa","CAUCA",19,898,10284,2256
"19743",164,2.65544550712,-76.352754217,"Silvia","CAUCA",19,929,31873,515
"19760",122,2.229409787,-76.6130126292,"Sotara","CAUCA",19,954,16683,731
"19780",3586,2.93404261445,-76.7448107488,"Suárez","CAUCA",19,971,18754,19121
"19785",144,2.06959943466,-76.9228884707,"Sucre","CAUCA",19,963,8893,1619
"19807",223,2.35841278548,-76.7117153171,"Timbio","CAUCA",19,1007,33046,675
"19809",1608,2.69465574934,-77.4852364933,"Timbiquí","CAUCA",19,1008,21384,7520
"19821",309,2.97329165198,-76.2011914174,"Toribío","CAUCA",19,1024,28561,1082
"19824",60,2.50637260021,-76.3889247711,"Totoro","CAUCA",19,1027,19529,307
"19845",27,3.17743825941,-76.4664279678,"Villa Rica","CAUCA",19,1079,15798,171
"20001",394,10.3817552615,-73.4634977155,"Valledupar","CESAR",20,1061,433242,91
"20011",239,8.24817019802,-73.6231031538,"Aguachica","CESAR",20,10,90962,263
"20013",133,9.94908972488,-73.223324403,"Agustín Codazzi","CESAR",20,14,51566,258
"20032",52,9.49962318031,-73.9515520642,"Astrea","CESAR",20,70,19060,273
"20045",19,9.72725871603,-73.2526792604,"Becerríl","CESAR",20,91,13569,140
"20060",38,9.94639377231,-73.8662630556,"Bosconia","CESAR",20,114,35993,106
"20175",112,9.21891716997,-73.7537796534,"Chimichagua","CESAR",20,198,30781,364
"20178",42,9.42617235301,-73.5480144798,"Chiriguaná","CESAR",20,208,20179,208
"20228",82,9.23958025916,-73.4890423646,"Curumaní","CESAR",20,276,25022,328
"20238",52,10.1999539016,-73.9124476188,"El Copey","CESAR",20,301,26224,198
"20250",81,9.68083836335,-73.6930828267,"El Paso","CESAR",20,311,22458,361
"20295",7,8.33786630391,-73.7075024928,"Gamarra","CESAR",20,371,16211,43
"20310",6,8.40518101621,-73.3740376434,"González","CESAR",20,382,7409,81
"20383",26,8.62231808761,-73.6331255439,"La Gloria","CESAR",20,468,13273,196
"20400",29,9.55128784804,-73.3234067685,"La Jagua de Ibirico","CESAR",20,470,22230,130
"20443",6,10.3896179814,-72.9989634241,"Manaure","LA GUAJIRA",20,539,13848,43
"20517",30,8.93917966827,-73.5721208566,"Pailitas","CESAR",20,640,16946,177
"20550",30,8.78323776893,-73.6043706988,"Pelaya","CESAR",20,670,17659,170
"20570",12,10.4694771063,-73.5946245258,"Pueblo Bello","CESAR",20,702,21195,57
"20614",20,8.2024407354,-73.4861798547,"Río de Oro","CESAR",20,779,14128,142
"20621",59,10.1647388476,-73.1899525684,"La Paz","CESAR",20,478,22679,260
"20710",71,7.81490356855,-73.4583611849,"San Alberto","CESAR",20,806,23700,300
"20750",35,10.1687795491,-73.2892258206,"San Diego","CESAR",20,826,13475,260
"20770",44,7.95879135193,-73.5240788944,"San Martin","CESAR",20,860,18322,240
"20787",37,8.87176185429,-73.7599264676,"Tamalameque","CESAR",20,979,13927,266
"23001",544,8.58259264361,-75.9557997461,"Montería","CORDOBA",23,585,428579,127
"23068",278,8.25648587222,-75.0499535463,"Ayapel","CORDOBA",23,73,49248,564
"23079",120,8.19116566691,-75.4336859081,"Buenavista","CORDOBA",23,122,21082,569
"23090",76,8.71665175048,-76.2375646833,"Canalete","CORDOBA",23,160,20591,369
"23162",43,8.89034469093,-75.8360071802,"Cereté","CORDOBA",23,185,90023,48
"23168",7,9.11176151224,-75.6505150377,"Chimá","CORDOBA",23,199,14742,47
"23182",30,9.02728599312,-75.3605008487,"Chinú","CORDOBA",23,200,47266,63
"23189",41,8.84325671975,-75.6089206992,"Ciénaga de Oro","CORDOBA",23,225,61846,66
"23300",13,9.03779883627,-75.7810721786,"Cotorra","CORDOBA",23,254,15380,85
"23350",70,8.04747129629,-75.3008469626,"La Apartada","CORDOBA",23,454,14666,477
"23417",141,9.16281759982,-75.9157134336,"Lorica","CORDOBA",23,514,116631,121
"23419",44,8.83620829201,-76.2924333283,"Los Córdobas","CORDOBA",23,516,22399,196
"23464",8,9.26442119482,-75.645605715,"Momil","CORDOBA",23,575,14644,55
"23466",648,7.86928598011,-75.7356968538,"Montelíbano","CORDOBA",23,582,77770,833
"23500",91,9.20228620083,-76.1224762408,"Moñitos","CORDOBA",23,571,26593,342
"23555",191,8.29097435481,-75.6197194218,"Planeta Rica","CORDOBA",23,689,66074,289
"23570",103,8.48218758331,-75.4064696004,"Pueblo Nuevo","CORDOBA",23,703,37034,278
"23574",101,8.98701724691,-76.1942220529,"Puerto Escondido","CORDOBA",23,719,27462,368
"23580",1232,7.70906852458,-75.7484389104,"Puerto Libertador","CORDOBA",23,724,44694,2757
"23586",13,9.27519722751,-75.7254047613,"Purísima","CORDOBA",23,742,14989,87
"23660",51,8.79785521951,-75.4291145673,"Sahagún","CORDOBA",23,793,89439,57
"23670",32,9.15527113157,-75.5245646255,"San Andrés Sotavento","CORDOBA",23,809,40580,79
"23672",27,9.36052886441,-75.7830146431,"San Antero","CORDOBA",23,811,30240,89
"23675",115,9.32633292339,-75.9779026997,"San Bernardo Viento","CORDOBA",23,818,34049,338
"23678",40,8.70908376699,-75.6940741707,"San Carlos","CORDOBA",23,820,26366,152
"23686",69,8.98724724896,-75.9139593877,"San Pelayo","CORDOBA",23,876,42680,162
"23807",2337,7.79539398739,-76.1787744157,"Tierralta","CORDOBA",23,1005,95228,2454
"23855",236,8.21782634109,-76.2223654321,"Valencia","CORDOBA",23,1057,41084,574
"25001",4,4.37281914854,-74.6709490722,"Agua de Díos","CUNDINAMARCA",25,9,11172,36
"25019",4,4.89433819213,-74.4437850528,"Albán","CUNDINAMARCA",25,19,5955,67
"25035",16,4.55991400742,-74.5253897918,"Anapoima","CUNDINAMARCA",25,35,12908,124
"25040",10,4.78974541343,-74.4618055535,"Anolaima","CUNDINAMARCA",25,41,12492,80
"25053",13,4.23279569793,-74.3962344376,"Arbeláez","CUNDINAMARCA",25,55,12201,107
"25086",11,4.71957009771,-74.7565368812,"Beltrán","CUNDINAMARCA",25,95,2135,515
"25120",25,3.91317702973,-74.4479041916,"Cabrera","CUNDINAMARCA",25,136,4540,551
"25126",6,4.93046294027,-74.0296753912,"Cajicá","CUNDINAMARCA",25,145,54550,11
"25148",10,5.38131069543,-74.5215110522,"Caparrapí","CUNDINAMARCA",25,165,16651,60
"25168",7,4.9557045927,-74.6352839082,"Chaguaní","CUNDINAMARCA",25,190,3999,175
"25175",1,4.86566236368,-74.0367012361,"Chía","CUNDINAMARCA",25,218,120719,1
"25178",3,4.4261156055,-74.0590324444,"Chipaque","CUNDINAMARCA",25,204,8399,36
"25183",1,5.1169367547,-73.6803403064,"Chocontá","CUNDINAMARCA",25,217,23999,4
"25245",13,4.55697308681,-74.4263959244,"El Colegio","CUNDINAMARCA",25,300,21592,60
"25258",6,5.26220709818,-74.3089930846,"El Peñon","CUNDINAMARCA",25,316,4836,124
"25269",17,4.83322471449,-74.3369935781,"Facatativá","CUNDINAMARCA",25,336,127226,13
"25279",14,4.52810449203,-73.7887772242,"Fomequé","CUNDINAMARCA",25,347,12200,115
"25286",17,4.74322629642,-74.1977406837,"Funza","CUNDINAMARCA",25,358,72566,23
"25288",2,5.41908579531,-73.7689764162,"Fúquene","CUNDINAMARCA",25,335,5519,36
"25290",44,4.31988151611,-74.3809124129,"Fusagasugá","CUNDINAMARCA",25,359,129301,34
"25293",1,4.65490122034,-73.5106980982,"Gachala","CUNDINAMARCA",25,363,5748,17
"25297",1,4.86490024415,-73.6189666335,"Gachetá","CUNDINAMARCA",25,366,10934,9
"25299",4,4.72367087391,-73.6004880493,"Gama","CUNDINAMARCA",25,370,3966,101
"25307",19,4.33821819835,-74.8114422245,"Girardot","CUNDINAMARCA",25,380,103839,18
"25320",26,5.17348790064,-74.6394335623,"Guaduas","CUNDINAMARCA",25,395,37003,70
"25339",4,4.16725506945,-74.0223636308,"Gutiérrez","CUNDINAMARCA",25,416,3963,101
"25368",3,4.57126602473,-74.6895225267,"Jerusalén","CUNDINAMARCA",25,446,2688,112
"25377",9,4.7000812116,-73.9300818908,"La Calera","CUNDINAMARCA",25,457,26810,34
"25386",7,4.65165949271,-74.4723962201,"La Mesa","CUNDINAMARCA",25,475,30441,23
"25394",16,5.33177232077,-74.4083440349,"La Palma","CUNDINAMARCA",25,477,10553,152
"25398",10,5.20248390666,-74.4087228914,"La Peña","CUNDINAMARCA",25,480,7019,142
"25430",5,4.77192458495,-74.2604328804,"Madrid","CUNDINAMARCA",25,528,74600,7
"25438",18,4.4840757048,-73.4059346756,"Medina","CUNDINAMARCA",25,557,10058,179
"25488",6,4.2953475656,-74.614480698,"Nilo","CUNDINAMARCA",25,610,17489,34
"25491",2,5.06674060962,-74.3912942324,"Nocaima","CUNDINAMARCA",25,613,7938,25
"25506",38,4.05953574851,-74.4517059832,"Venecia","CUNDINAMARCA",25,1067,4039,941
"25513",8,5.168038515,-74.1644001053,"Pacho","CUNDINAMARCA",25,635,26786,30
"25524",14,4.17162008399,-74.4693815767,"Pandi","CUNDINAMARCA",25,656,5615,249
"25530",8,4.45231304927,-73.1873864951,"Paratebueno","CUNDINAMARCA",25,659,7669,104
"25535",16,4.29346367859,-74.270474894,"Pasca","CUNDINAMARCA",25,660,11979,134
"25572",9,5.61945723315,-74.5798215222,"Puerto Salgar","CUNDINAMARCA",25,732,18040,50
"25594",4,4.33479464343,-73.8526807163,"Quetame","CUNDINAMARCA",25,744,7031,57
"25596",13,4.71510547662,-74.5541764018,"Quipile","CUNDINAMARCA",25,749,8171,159
"25645",11,4.60015090129,-74.3445617767,"San Antonio Tequendama","CUNDINAMARCA",25,813,12949,85
"25649",8,4.14151499066,-74.3551003839,"San Bernardo","CUNDINAMARCA",25,816,10596,76
"25662",7,4.84019235671,-74.658976263,"San Juan de Rioseco","CUNDINAMARCA",25,848,9679,72
"25740",19,4.46598509479,-74.2634667213,"Sibaté","CUNDINAMARCA",25,925,37030,51
"25754",163,4.53731663644,-74.2275730754,"Soacha","CUNDINAMARCA",25,937,488995,33
"25769",4,4.97047774505,-74.1571442692,"Subachoque","CUNDINAMARCA",25,960,15487,26
"25779",3,5.43731901024,-73.8254417822,"Susa","CUNDINAMARCA",25,968,11738,26
"25805",5,4.32061673628,-74.487197241,"Tibacuy","CUNDINAMARCA",25,1001,4830,104
"25807",3,5.0846345081,-73.5137627878,"Tibirita","CUNDINAMARCA",25,1004,2957,101
"25815",2,4.45232157387,-74.6482021604,"Tocaíma","CUNDINAMARCA",25,1015,18170,11
"25817",3,4.96801362116,-73.9283138542,"Tocancipá","CUNDINAMARCA",25,1014,30326,10
"25823",4,5.35496342144,-74.2896271087,"Topaipi","CUNDINAMARCA",25,1023,4560,88
"25839",22,4.75912996417,-73.4085685353,"Ubalá","CUNDINAMARCA",25,1042,10948,201
"25843",6,5.31505530253,-73.8203684636,"Ubaté","CUNDINAMARCA",25,1044,38395,16
"25845",3,4.3034277041,-74.0695130796,"Une","CUNDINAMARCA",25,1047,8956,33
"25851",10,5.19271131446,-74.4767854822,"Útica","CUNDINAMARCA",25,1055,4988,200
"25867",6,4.89466127741,-74.5564413949,"Vianí","CUNDINAMARCA",25,1072,4171,144
"25871",1,5.27033000253,-74.1913344167,"Villagomez","CUNDINAMARCA",25,1081,2168,46
"25873",6,5.22628913881,-73.5765169523,"Villapinzón","CUNDINAMARCA",25,1088,19082,31
"25875",4,5.00988809277,-74.4886036815,"Villeta","CUNDINAMARCA",25,1092,24963,16
"25878",43,4.43602036813,-74.4861180917,"Viotá","CUNDINAMARCA",25,1093,13365,322
"25885",42,5.59094868142,-74.3649356867,"Yacopí","CUNDINAMARCA",25,1098,16842,249
"25899",8,5.04493927766,-74.0229130405,"Zipaquirá","CUNDINAMARCA",25,1116,118267,7
"27001",2037,5.94421210131,-76.6545369657,"Quibdó","CHOCO",27,745,115290,1767
"27006",52,8.43416757913,-77.2823533317,"Acandí","CHOCO",27,5,9756,533
"27025",366,5.6922199727,-77.087290527,"Alto Baudó","CHOCO",27,29,34969,1047
"27050",65,5.55570959394,-76.6112131128,"Atrato","CHOCO",27,72,9402,691
"27073",374,5.48957481372,-76.2083840708,"Bagadó","CHOCO",27,74,8146,4591
"27075",42,6.29662606527,-77.3526558586,"Bahía Solano","CHOCO",27,75,9279,453
"27077",898,5.04905154584,-77.2087177846,"Bajo Baudó","CHOCO",27,76,17183,5226
"27099",300,6.47840669228,-77.0950297354,"Bojayá","CHOCO",27,110,10066,2980
"27135",33,5.3599215958,-76.7729443006,"Canton del San Pablo","CHOCO",27,164,7589,435
"27150",59,7.04017262949,-76.9697266448,"Carmen del Darién","CHOCO",27,175,5400,1093
"27160",10,5.37863943974,-76.5767751102,"Cértegui","CHOCO",27,275,9968,100
"27205",99,5.12819907183,-76.4189187389,"Condotó","CHOCO",27,240,14328,691
"27245",261,5.80195630343,-76.2018833518,"El Carmen de Atrato","CHOCO",27,293,13584,1921
"27250",1977,4.25071726996,-76.9699578235,"Litoral del San Juan","CHOCO",27,512,14569,13570
"27361",572,4.7314353117,-76.8746579922,"Istmina","CHOCO",27,437,25012,2287
"27372",13,7.1057725367,-77.6779668608,"Juradó","CHOCO",27,451,3373,385
"27413",191,5.56843810897,-76.4136298734,"Lloró","CHOCO",27,513,11015,1734
"27425",126,6.02642056733,-76.6945212656,"Medio Atrato","CHOCO",27,558,27602,456
"27430",362,5.11062191001,-76.9962023689,"Medio Baudó","CHOCO",27,559,13175,2748
"27450",194,4.82022150081,-76.8097177806,"Medio San Juan","CHOCO",27,560,15596,1244
"27491",133,4.922459625,-76.4841423263,"Nóvita","CHOCO",27,599,7940,1675
"27495",254,5.6743918943,-77.2908002673,"Nuqui","CHOCO",27,618,8376,3032
"27580",64,5.18555600634,-76.4995309502,"Río Iro","CHOCO",27,780,9356,684
"27600",79,5.5683070601,-76.8130139943,"Río Quito","CHOCO",27,781,8743,904
"27615",1296,7.38721982249,-77.3402146521,"Riosucio","CHOCO",27,769,28719,4513
"27660",169,4.8890582119,-76.2994586696,"San José del Palmar","CHOCO",27,843,4875,3467
"27745",620,4.60163745529,-76.5257024085,"Sipí","CHOCO",27,935,3935,15756
"27787",326,5.29775754189,-76.4159598303,"Tadó","CHOCO",27,977,18752,1738
"27800",107,8.12468547581,-77.1055087944,"Unguía","CHOCO",27,1048,15021,712
"27810",11,5.28549274528,-76.6428009592,"Unión Panamericana","CHOCO",27,1049,9298,118
"41001",582,3.01439552653,-75.3093756475,"Neiva","HUILA",41,608,337848,172
"41006",346,1.68640905789,-76.0217969543,"Acevedo","HUILA",41,6,31516,1098
"41013",11,2.27173136069,-75.7153980416,"Agrado","HUILA",41,8,8954,123
"41016",115,3.26241747596,-75.3528428825,"Aipe","HUILA",41,15,24847,463
"41020",444,2.52124682163,-75.2638563815,"Algeciras","HUILA",41,24,24348,1824
"41026",7,2.07982103932,-75.7683011545,"Altamira","HUILA",41,28,4154,169
"41078",145,3.14689689533,-74.9801904859,"Baraya","HUILA",41,80,9533,1521
"41132",152,2.65870010996,-75.3295412009,"Campoalegre","HUILA",41,158,33949,448
"41206",188,3.42220119366,-74.689175184,"Colombia","HUILA",41,233,12166,1545
"41244",2,2.0060626776,-75.9515234769,"Elias","HUILA",41,329,3803,53
"41298",390,2.17351543736,-75.5646172627,"Garzón","HUILA",41,375,84307,463
"41306",179,2.37405645002,-75.5160789198,"Gigante","HUILA",41,376,32248,555
"41319",185,1.98788175816,-75.6903253217,"Guadalupe","HUILA",41,394,20498,903
"41349",41,2.54065535716,-75.4473798568,"Hobo","HUILA",41,426,6867,597
"41357",92,2.78093589881,-75.7579625418,"Iquira","HUILA",41,435,12299,748
"41359",293,2.01539385528,-76.2713653825,"Isnos","HUILA",41,436,26452,1108
"41378",107,2.17763536375,-76.1123036166,"La Argentina","HUILA",41,455,13506,792
"41396",415,2.32772254653,-75.9998151963,"La Plata","HUILA",41,483,60563,685
"41483",78,2.57835944391,-75.7867077868,"Nataga","HUILA",41,603,6237,1251
"41503",60,2.06019945407,-76.0406520581,"Oporapa","HUILA",41,627,12934,464
"41518",10,2.40658308509,-75.7279572256,"Paicol","HUILA",41,639,5486,182
"41524",71,2.90343552706,-75.4301332597,"Palermo","HUILA",41,644,31536,225
"41530",63,1.68924754337,-76.1684753786,"Palestina","HUILA",41,646,11302,557
"41548",40,2.2576038422,-75.8292224803,"Pital","HUILA",41,685,13502,296
"41551",408,1.82184957036,-76.1234315305,"Pitalito","HUILA",41,686,121049,337
"41615",63,2.77344935223,-75.2015809574,"Rivera","HUILA",41,771,18384,343
"41660",160,2.10066650652,-76.2220306595,"Saladoblanco","HUILA",41,794,11219,1426
"41668",302,1.88747946799,-76.407397373,"San Agustín","HUILA",41,805,32269,936
"41676",127,2.94860673664,-75.6517839597,"Santa María","HUILA",41,896,11129,1141
"41770",104,1.87358144918,-75.810862835,"Suazá","HUILA",41,959,17962,579
"41791",392,2.13026819414,-75.8753165082,"Tarquí","HUILA",41,987,17277,2269
"41797",73,2.52646009624,-75.6798382574,"Tesalia","HUILA",41,999,9186,795
"41799",210,3.03815595731,-75.0962500748,"Tello","HUILA",41,992,14047,1495
"41801",37,2.77263407279,-75.5793534108,"Teruel","HUILA",41,998,8651,428
"41807",75,1.95052600549,-75.9177147246,"Timana","HUILA",41,1006,20245,370
"41872",21,3.28745094494,-75.138926314,"Villavieja","HUILA",41,1091,7327,287
"41885",6,2.65062051169,-75.5137622297,"Yaguara","HUILA",41,1100,8716,69
"44001",650,11.242283834,-72.9471714023,"Riohacha","LA GUAJIRA",44,765,240951,270
"44035",27,NA,NA,NA,NA,NA,NA,25566,106
"44078",83,10.9873386424,-72.6901038671,"Barrancas","LA GUAJIRA",44,87,33060,251
"44090",238,11.0907685959,-73.4352991122,"Dibulla","LA GUAJIRA",44,279,30614,777
"44110",11,10.6331516242,-72.905356773,"El Molino","LA GUAJIRA",44,310,8487,130
"44279",68,10.8276976192,-72.801496119,"Fonseca","LA GUAJIRA",44,348,32116,212
"44378",23,11.098111479,-72.7173864215,"Hatonuevo","LA GUAJIRA",44,421,23086,100
"44420",3,10.458224538,-73.0661717211,"La Jagua del Pilar","LA GUAJIRA",44,471,3128,96
"44430",247,11.350451525,-72.3397020221,"Maicao","LA GUAJIRA",44,532,151469,163
"44560",14,11.6051831282,-72.5711369351,"Manaure","LA GUAJIRA",44,538,96080,15
"44650",47,10.8038539299,-73.0736379647,"San Juan del Cesar","LA GUAJIRA",44,850,36399,129
"44855",16,10.49817305,-72.9758575737,"Urumita","LA GUAJIRA",44,1053,17011,94
"44874",27,10.5920014693,-72.9863210865,"Villanueva","LA GUAJIRA",44,1084,26973,100
"47001",961,11.121601062,-73.8854662446,"Santa Marta","MAGDALENA",47,894,469066,205
"47030",33,10.2535806674,-74.1030214704,"Algarrobo","MAGDALENA",47,23,12399,266
"47053",157,10.6450311705,-73.8786673292,"Aracataca","MAGDALENA",47,50,38587,407
"47058",68,9.83399303031,-74.0849868195,"Ariguaní","MAGDALENA",47,64,31932,213
"47161",1,10.2906432808,-74.8215471512,"Cerro San Antonio","MAGDALENA",47,188,7930,13
"47170",16,10.0993200704,-74.5261673475,"Chivolo","MAGDALENA",47,214,16047,100
"47189",210,10.8867503202,-74.041772288,"Cienaga","MAGDALENA",47,220,103792,202
"47205",6,10.2327880438,-74.7785297039,"Concordia","MAGDALENA",47,238,9506,63
"47245",136,9.11557770728,-73.9809402435,"El Banco","MAGDALENA",47,289,55279,246
"47258",98,10.3466704045,-74.6759308972,"El Piñón","MAGDALENA",47,317,16771,584
"47268",137,10.6607556519,-74.3249755593,"El Reten","MAGDALENA",47,319,20499,668
"47288",168,10.4582808352,-73.8798055351,"Fundación","MAGDALENA",47,356,57246,293
"47318",23,9.24668611641,-74.1448891472,"Guamal","MAGDALENA",47,398,26803,86
"47460",1,9.74915126693,-74.3339355955,"Nueva Granada","MAGDALENA",47,615,18959,5
"47541",3,10.1500852938,-74.8337146178,"Pedraza","MAGDALENA",47,669,8041,37
"47545",7,9.53527200904,-74.1200786951,"Pijiño del Carmen","MAGDALENA",47,680,15363,46
"47551",46,10.4092083741,-74.3875934596,"Pivijay","MAGDALENA",47,687,34313,134
"47555",89,9.75201330093,-74.6040230268,"Plato","MAGDALENA",47,690,55956,159
"47570",54,10.8487923996,-74.3609363286,"Puebloviejo","MAGDALENA",47,706,29290,184
"47605",6,10.6501329713,-74.5790420783,"Remolino","MAGDALENA",47,756,8265,73
"47660",23,10.0758440998,-74.2625818096,"Sabanas de San Angel","MAGDALENA",47,788,16447,140
"47675",1,10.5176505443,-74.7205215492,"Salamina","MAGDALENA",47,795,7324,14
"47692",10,9.35520795617,-74.2008135277,"San Sebastian","MAGDALENA",47,880,17432,57
"47703",6,9.33081758842,-74.3476351675,"San Zenón","MAGDALENA",47,885,9062,66
"47707",14,9.51572434814,-74.3454183849,"Santa Ana","MAGDALENA",47,887,25329,55
"47745",17,10.8909308845,-74.6288012958,"Sitionuevo","MAGDALENA",47,936,30884,55
"47798",15,9.92487420198,-74.7331122413,"Tenerife","MAGDALENA",47,994,12278,122
"47960",1,10.1205605078,-74.6912034356,"Zapayán","MAGDALENA",47,1111,8749,11
"47980",135,10.8007842255,-74.1800890678,"Zona Bananera","MAGDALENA",47,1117,59699,226
"50001",331,4.09189582481,-73.4881063569,"Villavicencio","META",50,1090,463121,71
"50006",98,4.00972332651,-73.7229417401,"Acacías","META",50,4,65800,149
"05001",9026,6.25760947655,-75.6114503659,"Medellín","ANTIOQUIA",5,556,2417325,373
"05002",9,5.80380246567,-75.4384885294,"Abejorral","ANTIOQUIA",5,1,19478,46
"50110",11,4.52299244207,-72.9943554641,"Barranca de Upía","META",50,85,3771,292
"50124",2,4.31551960461,-72.9551579146,"Cabuyaro","META",50,137,3951,51
"50150",12,3.80374293517,-73.5392647991,"Castilla la Nueva","META",50,182,9055,133
"05021",3,6.36616492171,-75.0900160958,"Alejandría","ANTIOQUIA",5,22,3550,85
"50223",23,3.82730604784,-74.0785604823,"San Luis de Cubarral","META",50,856,5798,397
"50226",22,4.23228573276,-73.3149953562,"Cumaral","META",50,268,17756,124
"50245",7,4.35247248549,-73.7150685507,"El Calvario","META",50,291,2256,310
"50251",80,3.6149212854,-73.8910876144,"El Castillo","META",50,296,6468,1237
"50270",11,3.70713165296,-73.8391277025,"El Dorado","META",50,303,3409,323
"50287",29,3.38859553095,-73.5970110157,"Fuente de Oro","META",50,355,12824,226
"05030",110,6.0326815392,-75.7076657195,"Amagá","ANTIOQUIA",5,32,29117,378
"05031",253,6.9772630301,-74.9802266993,"Amalfi","ANTIOQUIA",5,33,21768,1162
"50313",279,3.50035344022,-73.7467533994,"Granada","META",50,386,59739,467
"50318",20,3.94655664958,-73.9603317556,"Guamal","META",50,399,9282,215
"50325",296,3.11809216764,-71.9371204154,"Mapiripán","META",50,545,16389,1806
"50330",164,3.16933922258,-74.1320388583,"Mesetas","META",50,563,11160,1470
"05034",134,5.62249699469,-75.9404964691,"Andes","ANTIOQUIA",5,38,44994,298
"50350",284,2.1441509865,-74.0698484379,"La Macarena","META",50,473,31015,916
"05036",57,6.12068825491,-75.7162375336,"Angelópolis","ANTIOQUIA",5,39,8680,657
"50370",297,3.02977269225,-74.4334974838,"La Uribe","META",50,494,15386,1930
"05038",73,6.86466921656,-75.3549584993,"Angostura","ANTIOQUIA",5,40,11579,630
"05040",299,7.19282792031,-75.1079264604,"Anorí","ANTIOQUIA",5,42,16658,1795
"50400",262,3.61375019459,-74.0938028317,"Lejanias","META",50,507,9455,2771
"05042",36,6.5329049095,-75.9036484223,"Santafé de Antioquia","ANTIOQUIA",5,905,24202,149
"05044",20,6.30806907388,-75.9126696646,"Anza","ANTIOQUIA",5,45,7543,265
"05045",886,7.89399512865,-76.5644074974,"Apartado","ANTIOQUIA",5,47,167895,528
"50450",148,2.75298978615,-72.7158810695,"Puerto Concordia","META",50,718,19827,746
"05051",101,8.60929133518,-76.4116069822,"Arboletes","ANTIOQUIA",5,58,38100,265
"05055",55,5.70788776852,-75.0949384122,"Argelia","ANTIOQUIA",5,61,8968,613
"50568",176,4.0057011176,-71.6311146906,"Puerto Gaitán","META",50,720,18325,960
"50573",103,4.03992530886,-72.6392913533,"Puerto López","META",50,722,32552,316
"50577",154,3.1938695153,-73.2367821958,"Puerto Lleras","META",50,725,10037,1534
"05059",43,6.16368177216,-75.8099676303,"Armenia","ANTIOQUIA",5,67,4383,981
"50590",294,2.75730444815,-73.138497009,"Puerto Rico","META",50,729,18418,1596
"50606",9,4.23756725159,-73.4741858358,"Restrepo","META",50,758,10544,85
"50680",38,3.84554377371,-73.2765956589,"San Carlos Guaroa","META",50,822,8903,427
"50683",93,3.29045408639,-73.8200834264,"San Juan de Arama","META",50,847,8911,1044
"50686",27,4.46663541339,-73.6596845849,"San Juanito","META",50,852,2105,1283
"50689",61,3.55713433715,-72.9557997046,"San Martín","META",50,861,24028,254
"50711",397,2.82362513928,-73.6836280513,"Vista Hermosa","META",50,1095,24586,1615
"05079",104,6.44258518232,-75.3295090038,"Barbosa","ANTIOQUIA",5,82,48503,214
"05086",27,6.65368390244,-75.6535576448,"Belmira","ANTIOQUIA",5,94,6645,406
"05088",495,6.35695580871,-75.5879050479,"Bello","ANTIOQUIA",5,93,438577,113
"05091",29,5.72744722697,-75.9934275132,"Betania","ANTIOQUIA",5,102,9487,306
"05093",40,6.18404839356,-75.9560764447,"Betulia","ANTIOQUIA",5,105,17409,230
"05101",69,5.8391559399,-76.0268684009,"Ciudad Bolívar","ANTIOQUIA",5,224,27335,252
"05107",347,7.11036301735,-75.563360642,"Briceño","ANTIOQUIA",5,116,8720,3979
"05113",63,6.80937520655,-75.9130582984,"Buriticá","ANTIOQUIA",5,129,6689,942
"05120",536,7.66932563839,-75.2268290285,"Cáceres","ANTIOQUIA",5,259,35823,1496
"05125",51,6.42386473873,-75.9952906206,"Caicedo","ANTIOQUIA",5,140,8099,630
"05129",105,6.05398122756,-75.6266451677,"Caldas","ANTIOQUIA",5,149,75984,138
"05134",112,7.03860466969,-75.2888565258,"Campamento","ANTIOQUIA",5,156,9209,1216
"05138",87,6.81442638727,-76.028002548,"Cañasgordas","ANTIOQUIA",5,134,16780,518
"05142",14,6.33728983405,-74.7327885066,"Caracolí","ANTIOQUIA",5,168,4646,301
"05145",4,5.55481117786,-75.6312575803,"Caramanta","ANTIOQUIA",5,169,5395,74
"05147",314,7.78545569075,-76.6551642703,"Carepa","ANTIOQUIA",5,171,53048,592
"05148",62,5.97808472041,-75.2632301499,"Carmen de Viboral","ANTIOQUIA",5,174,45578,136
"05150",7,6.7579308983,-75.315994271,"Carolina","ANTIOQUIA",5,176,3696,189
"05154",731,7.86462895292,-75.0326693778,"Caucasia","ANTIOQUIA",5,183,106887,684
"05172",392,7.62806818662,-76.6401517044,"Chigorodó","ANTIOQUIA",5,196,72453,541
"05190",27,6.5498711339,-75.0812321092,"Cisneros","ANTIOQUIA",5,223,9191,294
"05197",79,6.00757310565,-75.1624384144,"Cocorná","ANTIOQUIA",5,228,15010,526
"52001",271,1.06109260875,-77.1966934043,"Pasto","NARINO",52,661,428890,63
"52019",87,1.47090143436,-77.068241385,"Alban","NARINO",52,16,21558,404
"52022",6,0.92010901877,-77.6966319979,"Aldana","NARINO",52,21,6236,96
"52036",9,1.24916877514,-77.5303893074,"Ancuyá","NARINO",52,36,7424,121
"52051",14,1.48026170267,-77.1303019007,"Arboleda","NARINO",52,56,7533,186
"52079",692,1.4914183635,-78.1055594722,"Barbacoas","NARINO",52,81,36214,1911
"52083",74,1.59029489412,-77.0519432612,"Belén","NARINO",52,97,7323,1011
"05209",35,6.05405073744,-75.9009444895,"Concordia","ANTIOQUIA",5,239,20843,168
"52110",72,1.31719352997,-77.1175548675,"Buesaco","NARINO",52,126,24466,294
"05212",63,6.35417524567,-75.5011490333,"Copacabana","ANTIOQUIA",5,246,68434,92
"52203",182,1.63666459456,-77.048107575,"Colón","NARINO",52,231,10052,1811
"52207",25,1.20893913188,-77.4402510675,"Consacá","NARINO",52,242,9582,261
"52210",1,0.93232129033,-77.528169588,"Contadero","NARINO",52,243,6896,15
"52215",22,0.7937149243,-77.3904290299,"Cordoba","NARINO",52,248,13932,158
"52224",12,0.87622455764,-77.7352080582,"Cuaspud","NARINO",52,262,8495,141
"52227",64,0.90085738468,-77.9263348837,"Cumbal","NARINO",52,270,36224,177
"52233",312,1.72899193669,-77.5916733799,"Cumbitara","NARINO",52,271,14385,2169
"52240",31,1.38833175686,-77.2693954118,"Chachaguí","NARINO",52,189,13606,228
"52250",554,2.17178549633,-77.8017853347,"El Charco","NARINO",52,298,34300,1615
"52254",46,1.5127456657,-77.4304361226,"El Peñol","NARINO",52,313,6581,699
"52256",396,1.84512634662,-77.4468730685,"El Rosario","NARINO",52,323,10455,3788
"52258",134,1.41234651919,-76.9848176444,"El Tablón","NARINO",52,324,13003,1031
"52260",66,1.43072217335,-77.3828370745,"El Tambo","NARINO",52,326,12638,522
"52287",12,0.93274705131,-77.3522980398,"Funes","NARINO",52,357,6593,182
"52317",24,0.97886865694,-77.7368311993,"Guachucal","NARINO",52,391,15912,151
"52320",16,1.15280248287,-77.5285890955,"Guaitarilla","NARINO",52,396,12335,130
"05234",213,6.99340942864,-76.3112982738,"Dabeiba","ANTIOQUIA",5,277,23560,904
"52354",14,1.07313845578,-77.5015058785,"Imués","NARINO",52,431,6483,216
"52356",253,0.55811130812,-77.3658932206,"Ipiales","NARINO",52,434,132438,191
"05237",33,6.50483739432,-75.3661997397,"Don Matías","ANTIOQUIA",5,282,21295,155
"52378",120,1.58476610328,-76.9276458222,"La Cruz","NARINO",52,462,18145,661
"52381",67,1.33460064024,-77.3883101492,"La Florida","NARINO",52,467,9805,683
"52385",127,1.55592970713,-77.7011656681,"La Llanada","NARINO",52,472,5970,2127
"52390",279,2.41878081915,-78.2058636581,"La Tola","NARINO",52,489,11591,2407
"52399",190,1.6203548557,-77.1420297619,"La Unión","NARINO",52,493,26456,718
"05240",33,6.32603857769,-75.7831768856,"Ebéjico","ANTIOQUIA",5,286,12526,263
"52405",679,1.9410042788,-77.3218268801,"Leiva","NARINO",52,506,13449,5049
"52411",389,1.39866136643,-77.5205126605,"Linares","NARINO",52,511,10394,3743
"52418",154,1.60303692606,-77.6242295761,"Los Andes","NARINO",52,515,18738,822
"52427",651,1.90494019525,-78.0472268317,"Maguí","NARINO",52,530,21086,3087
"52435",88,1.11591833925,-77.871749093,"Mallama","NARINO",52,536,8044,1094
"52473",349,2.4411168214,-78.4340842624,"Mosquera","NARINO",52,592,15328,2277
"52480",23,1.3038721473,-77.3478696312,"Nariño","NARINO",52,602,4725,487
"52490",907,2.28387275871,-78.2899774702,"Olaya Herrera","NARINO",52,625,30456,2978
"05250",1943,7.70226714961,-74.6634131709,"El Bagre","ANTIOQUIA",5,288,48914,3972
"52506",6,1.03332357916,-77.5541850051,"Ospina","NARINO",52,631,8640,69
"52520",361,2.0962364503,-78.5764784,"Francisco Pizarro","NARINO",52,351,14143,2552
"52540",683,1.73913021122,-77.4829918793,"Policarpa","NARINO",52,691,16204,4215
"52560",17,0.73558503998,-77.4407183988,"Potosí","NARINO",52,696,12332,138
"52565",58,1.23597354185,-77.5976509576,"Providencia","NARINO",52,699,12955,448
"52573",6,0.83077727301,-77.3097688829,"Puerres","NARINO",52,708,8520,70
"52585",21,0.91997428322,-77.6332403746,"Pupiales","NARINO",52,739,19223,109
"52612",143,1.18545314441,-78.0569817952,"Ricaurte","NARINO",52,762,17862,801
"52621",557,1.88793380419,-78.370394073,"Roberto Payán","NARINO",52,772,21332,2611
"05264",15,6.59391438862,-75.5591143092,"Entrerrios","ANTIOQUIA",5,332,9654,155
"05266",36,6.15335537861,-75.5463186441,"Envigado","ANTIOQUIA",5,333,212283,17
"52678",746,1.42710355923,-77.7205021446,"Samaniego","NARINO",52,802,49726,1500
"52683",127,1.28912581137,-77.4572010927,"Sandoná","NARINO",52,886,25624,496
"52685",31,1.53089274948,-77.0216129017,"San Bernardo","NARINO",52,817,18146,171
"52687",52,1.5422243472,-77.2189265765,"San Lorenzo","NARINO",52,853,19546,266
"52693",161,1.68172735258,-76.9747992972,"San Pablo","NARINO",52,869,17640,913
"52694",12,1.53682558348,-77.1018492868,"San Pedro de Cartago","NARINO",52,874,7447,161
"52696",274,2.32802516423,-77.8939423475,"Santa Bárbara","NARINO",52,890,14878,1842
"52699",304,1.26453125243,-77.7335058724,"Santacruz","NARINO",52,904,26489,1148
"52786",168,1.59180660836,-77.3248869184,"Taminango","NARINO",52,982,19819,848
"52788",50,1.06736693069,-77.3533536878,"Tangua","NARINO",52,983,9878,506
"05282",32,5.89411429814,-75.6853210643,"Fredonia","ANTIOQUIA",5,352,21817,147
"52835",12777,1.63681441571,-78.6106037085,"Tumaco","NARINO",52,1033,191218,6682
"52838",48,1.13729252542,-77.629934722,"Túquerres","NARINO",52,975,40792,118
"05284",111,6.69215570039,-76.3308710039,"Frontino","ANTIOQUIA",5,354,17261,643
"52885",20,1.12560335066,-77.4240852572,"Yacuanquér","NARINO",52,1099,10779,186
"05306",20,6.65778634945,-75.952558519,"Giraldo","ANTIOQUIA",5,379,4064,492
"05308",58,6.38109396486,-75.4480350706,"Girardota","ANTIOQUIA",5,381,51782,112
"05310",22,6.70904374649,-75.1924760338,"Gómez Plata","ANTIOQUIA",5,360,12513,176
"05313",10,6.12833606393,-75.128029354,"Granada","ANTIOQUIA",5,384,9838,102
"05315",28,6.86545018807,-75.2242444931,"Guadalupe","ANTIOQUIA",5,392,6287,445
"05318",12,6.26931586459,-75.4353052196,"Guarné","ANTIOQUIA",5,404,46096,26
"05321",5,6.25220846941,-75.158084624,"Guatape","ANTIOQUIA",5,406,5394,93
"05347",14,6.21451174809,-75.7496061777,"Heliconia","ANTIOQUIA",5,422,6060,231
"05353",6,5.79552739189,-75.9041109856,"Hispania","ANTIOQUIA",5,425,4859,123
"05360",408,6.1795872573,-75.6159266735,"Itaguí","ANTIOQUIA",5,438,261662,156
"05361",656,7.25599509748,-75.8965955791,"Ituango","ANTIOQUIA",5,439,21757,3015
"05364",19,5.57499701755,-75.8187544588,"Jardín","ANTIOQUIA",5,443,13900,137
"05368",1,5.7697893419,-75.7647980532,"Jérico","ANTIOQUIA",5,452,12249,8
"05376",19,5.99317802129,-75.4309206809,"La Ceja","ANTIOQUIA",5,459,51445,37
"05380",103,6.13866385531,-75.6486951227,"La Estrella","ANTIOQUIA",5,466,60388,171
"05400",21,5.94017963298,-75.3537696798,"La Unión","ANTIOQUIA",5,492,18905,111
"54001",1529,8.11236819592,-72.4887651531,"Cúcuta","NORTE DE SANTANDER",54,131,637302,240
"54003",167,8.01903134994,-73.1584062454,"Abrego","NORTE DE SANTANDER",54,2,37279,448
"54051",23,7.61359375148,-72.8606229526,"Arboledas","NORTE DE SANTANDER",54,57,9017,255
"54099",6,7.63173504908,-72.6591381668,"Bochalema","NORTE DE SANTANDER",54,108,6896,87
"54109",11,8.08016449769,-72.9276493892,"Bucarasica","NORTE DE SANTANDER",54,119,4569,241
"05411",21,6.72367440453,-75.7826438045,"Liborina","ANTIOQUIA",5,510,9515,221
"54128",22,7.68451026166,-73.1276713499,"Cáchira","NORTE DE SANTANDER",54,260,10894,202
"54174",17,7.05142869831,-72.5251998623,"Chitagá","NORTE DE SANTANDER",54,211,10335,164
"54206",249,8.86796086487,-73.2048632965,"Convención","NORTE DE SANTANDER",54,245,14107,1765
"54223",10,7.50172675231,-72.7986772098,"Cucutilla","NORTE DE SANTANDER",54,266,7816,128
"54239",8,7.74535468168,-72.6725464882,"Durania","NORTE DE SANTANDER",54,285,3845,208
"54245",123,8.87314549783,-73.3455968592,"El Carmen","NORTE DE SANTANDER",54,292,14453,851
"05425",28,6.53808100538,-74.7233962333,"Maceo","ANTIOQUIA",5,526,7021,399
"54250",533,8.69026809507,-73.0266456817,"El Tarra","NORTE DE SANTANDER",54,327,10900,4890
"54261",123,8.08090234715,-72.6327895601,"El Zulía","NORTE DE SANTANDER",54,328,22305,551
"54313",5,7.90646767382,-72.8057476548,"Gramalote","NORTE DE SANTANDER",54,383,5705,88
"54344",416,8.3613779195,-73.0782126862,"Hacarí","NORTE DE SANTANDER",54,417,10532,3950
"54347",2,7.49311328945,-72.4921201948,"Herrán","NORTE DE SANTANDER",54,423,4135,48
"54377",12,7.2653421184,-72.5217798161,"Labateca","NORTE DE SANTANDER",54,502,5853,205
"54385",72,7.69529466094,-73.3568024219,"La Esperanza","NORTE DE SANTANDER",54,465,11790,611
"54398",47,8.25572702617,-73.187398451,"La Playa","NORTE DE SANTANDER",54,484,8527,551
"05440",34,6.18708689019,-75.3047492699,"Marinilla","ANTIOQUIA",5,547,51767,66
"54405",55,7.74022389156,-72.5276850146,"Los Patios","NORTE DE SANTANDER",54,518,74640,74
"54418",9,7.96332839115,-72.8451864894,"Lourdes","NORTE DE SANTANDER",54,520,3378,266
"54498",249,8.23100744417,-73.3523384563,"Ocaña","NORTE DE SANTANDER",54,620,96723,257
"54518",12,7.37903430717,-72.6759205685,"Pamplona","NORTE DE SANTANDER",54,653,56569,21
"54553",93,8.32926874259,-72.4113235052,"Puerto Santander","NORTE DE SANTANDER",54,733,9933,936
"54660",11,7.77334594952,-72.8670717574,"Salazar","NORTE DE SANTANDER",54,797,9046,122
"05467",26,5.93048856877,-75.5316860839,"Montebello","ANTIOQUIA",5,580,6450,403
"54670",135,8.4646160206,-73.1472730964,"San Calixto","NORTE DE SANTANDER",54,819,13292,1016
"54673",1,7.84695096034,-72.6101825806,"San Cayetano","NORTE DE SANTANDER",54,823,5222,19
"54680",10,7.88941836382,-72.717713142,"Santiago","NORTE DE SANTANDER",54,909,2799,357
"54720",436,8.26577353079,-72.8070306188,"Sardinata","NORTE DE SANTANDER",54,917,22655,1925
"54743",6,7.15894162197,-72.7925670785,"Silos","NORTE DE SANTANDER",54,927,4615,130
"05475",34,6.82648818244,-76.7056259623,"Murindó","ANTIOQUIA",5,595,4402,772
"05480",227,7.33634036328,-76.5083223746,"Mutatá","ANTIOQUIA",5,596,19714,1151
"54800",247,8.76451501921,-73.1564005827,"Teorama","NORTE DE SANTANDER",54,997,20638,1197
"54810",753,8.71244712468,-72.7980790548,"Tibú","NORTE DE SANTANDER",54,1000,36105,2086
"54820",64,7.2232675032,-72.3012664839,"Toledo","NORTE DE SANTANDER",54,1018,17280,370
"05483",160,5.58095131991,-75.1944595531,"Nariño","ANTIOQUIA",5,600,16913,946
"54874",130,7.7566211763,-72.4820074736,"Villa del Rosario","NORTE DE SANTANDER",54,1078,84414,154
"05490",227,8.49064823477,-76.6725230921,"Necoclí","ANTIOQUIA",5,606,59230,383
"05495",212,7.99165491082,-74.7933069913,"Nechí","ANTIOQUIA",5,605,25311,838
"05501",27,6.61015053438,-75.775917442,"Olaya","ANTIOQUIA",5,624,3169,852
"05541",11,6.24645172015,-75.2210904911,"Peñol","ANTIOQUIA",5,668,15985,69
"05543",66,7.04254780364,-75.8905098773,"Peque","ANTIOQUIA",5,672,10669,619
"05576",27,5.81260218802,-75.8610934911,"Pueblorrico","ANTIOQUIA",5,705,7272,371
"05579",472,6.48266908784,-74.5291613665,"Puerto Berrío","ANTIOQUIA",5,712,45239,1043
"05585",47,6.13981441852,-74.6839496826,"Puerto Nare","ANTIOQUIA",5,726,18289,257
"05591",54,5.9539379009,-74.6874899309,"Puerto Triunfo","ANTIOQUIA",5,736,19263,280
"05604",421,6.99751093544,-74.5581698624,"Remedios","ANTIOQUIA",5,755,27832,1513
"05607",10,6.05472225826,-75.5137239685,"Retiro","ANTIOQUIA",5,760,18712,53
"05615",54,6.1511241934,-75.4101905364,"Rionegro","ANTIOQUIA",5,767,116289,46
"05628",123,6.90072148493,-75.7923708305,"Sabanalarga","ANTIOQUIA",5,786,8191,1502
"05631",12,6.13815074761,-75.6087002569,"Sabaneta","ANTIOQUIA",5,789,50444,24
"05642",90,5.97194146877,-75.9821258771,"Salgar","ANTIOQUIA",5,800,17740,507
"05647",74,6.91812041722,-75.6645771128,"San Andrés","ANTIOQUIA",5,807,6449,1147
"05649",21,6.19746293138,-74.90658895,"San Carlos","ANTIOQUIA",5,821,16008,131
"05652",9,5.87790874552,-74.9769525449,"San Francisco","ANTIOQUIA",5,831,5521,163
"05656",9,6.43820124469,-75.7036219647,"San Jerónimo","ANTIOQUIA",5,837,12456,72
"05658",21,6.82363440133,-75.6776992085,"San Jose De La Monta","ANTIOQUIA",5,840,3277,641
"05659",136,8.70965067699,-76.5297539405,"San Juan de Urabá","ANTIOQUIA",5,849,24253,561
"05660",28,6.01881339067,-74.9379949385,"San Luis","ANTIOQUIA",5,854,10956,256
"05664",73,6.45777515139,-75.563697202,"San Pedro","ANTIOQUIA",5,872,25676,284
"05665",114,8.36632697121,-76.3208462253,"San Pedro De Urabá","ANTIOQUIA",5,875,30785,370
"05667",24,6.31163463118,-75.0041715001,"San Rafael","ANTIOQUIA",5,877,13076,184
"05670",82,6.44799353662,-74.9312522758,"San Roque","ANTIOQUIA",5,878,17077,480
"05674",18,6.3102483158,-75.3252904237,"San Vicente","ANTIOQUIA",5,882,17652,102
"05679",47,5.87690628253,-75.585316523,"Santa Bárbara","ANTIOQUIA",5,889,22397,210
"05686",105,6.67568521198,-75.4395185433,"Santa Rosa de Osos","ANTIOQUIA",5,900,34753,302
"05690",67,6.48089570076,-75.1422953527,"Santo Domingo","ANTIOQUIA",5,911,10650,629
"05697",19,6.12800677636,-75.2521226386,"Santuario","ANTIOQUIA",5,913,26981,70
"05736",1003,7.26890148304,-74.6394038873,"Segovia","ANTIOQUIA",5,921,39163,2561
"05756",74,5.76220777212,-75.0606103053,"Sonsón","ANTIOQUIA",5,947,36104,205
"05761",44,6.52102990516,-75.7453234115,"Sopetrán","ANTIOQUIA",5,949,14453,304
"05789",19,5.67374334429,-75.7101550369,"Támesis","ANTIOQUIA",5,1030,15058,126
"05790",1897,7.48611798488,-75.4818476153,"Tarazá","ANTIOQUIA",5,986,40355,4701
"05792",6,5.89471630317,-75.8083226352,"Tarso","ANTIOQUIA",5,988,7616,79
"05809",13,6.05823418906,-75.7993840459,"Titiribí","ANTIOQUIA",5,1012,14199,92
"05819",88,7.01589614146,-75.7135842935,"Toledo","ANTIOQUIA",5,1019,6220,1415
"05837",1631,7.98569418834,-76.7309400545,"Turbo","ANTIOQUIA",5,1038,151161,1079
"05842",70,6.91605027572,-76.1328601856,"Uramita","ANTIOQUIA",5,1050,8253,848
"05847",331,6.33717837597,-76.2744111017,"Urrao","ANTIOQUIA",5,1052,43436,762
"05854",221,7.26664595343,-75.3992396585,"Valdivia","ANTIOQUIA",5,1056,21092,1048
"05856",4,5.63645169594,-75.6294022339,"Valparaíso","ANTIOQUIA",5,1062,6209,64
"05858",303,6.83648599077,-74.7523320889,"Vegachí","ANTIOQUIA",5,1064,9786,3096
"05861",28,5.97436233517,-75.7806644867,"Venecia","ANTIOQUIA",5,1066,13295,211
"05873",105,6.46306026351,-76.7064867607,"Vigía Del Fuerte","ANTIOQUIA",5,1074,5556,1890
"05885",22,6.71751611981,-74.7559511368,"Yali","ANTIOQUIA",5,1101,8167,269
"05887",360,6.99094712191,-75.4515695256,"Yarumal","ANTIOQUIA",5,1102,45740,787
"05890",90,6.64827122854,-74.926158315,"Yolombó","ANTIOQUIA",5,1104,23142,389
"05893",107,6.92720750585,-74.1561468113,"Yondó","ANTIOQUIA",5,1105,17867,599
"05895",504,7.48931123744,-74.8654152389,"Zaragoza","ANTIOQUIA",5,1112,29989,1681
"63001",112,4.49958195881,-75.7246543562,"Armenia","QUINDIO",63,66,293605,38
"63111",3,4.36644375869,-75.7437235745,"Buenavista","QUINDIO",63,124,2886,104
"63130",113,4.46772811394,-75.6571924742,"Calarcá","QUINDIO",63,148,76819,147
"63190",38,4.60511009962,-75.6666755786,"Circasia","QUINDIO",63,222,29393,129
"63212",25,4.39582108673,-75.6509109566,"Córdoba","QUINDIO",63,133,5325,469
"63302",61,4.17987464475,-75.7599717878,"Génova","QUINDIO",63,414,8225,742
"63401",44,4.43640306437,-75.8168616014,"La Tebaida","QUINDIO",63,488,40247,109
"63470",43,4.52225100443,-75.8182657174,"Montenegro","QUINDIO",63,583,41010,105
"63548",32,4.30337179823,-75.6828098847,"Pijao","QUINDIO",63,679,6243,513
"63594",35,4.6105929839,-75.7919511838,"Quimbaya","QUINDIO",63,746,34777,101
"63690",22,4.61129734193,-75.5311489385,"Salento","QUINDIO",63,799,7129,309
"66001",280,4.78161938304,-75.7127088564,"Pereira","RISARALDA",66,673,464719,60
"66045",34,5.13958026379,-75.9576147975,"Apía","RISARALDA",66,48,18692,182
"66075",19,4.91838288385,-75.9430872643,"Balboa","RISARALDA",66,77,6332,300
"66088",63,5.20097318795,-75.8680130807,"Belén de Umbría","RISARALDA",66,100,27723,227
"66170",65,4.8417152869,-75.6701396296,"Dos Quebradas","RISARALDA",66,283,194976,33
"66318",33,5.32146407992,-75.8070105203,"Guática","RISARALDA",66,415,15396,214
"66383",4,4.9864351663,-76.0068100444,"La Celia","RISARALDA",66,460,8632,46
"66400",38,4.90578720076,-75.8510121724,"La Virginia","RISARALDA",66,501,31886,119
"66440",17,4.94325326776,-75.753051775,"Marsella","RISARALDA",66,552,22908,74
"66456",135,5.39723756071,-75.9504499108,"Mistrató","RISARALDA",66,569,15930,847
"66572",122,5.27729974373,-76.0839669247,"Pueblo Rico","RISARALDA",66,704,12969,941
"66594",78,5.32320920925,-75.711726778,"Quinchía","RISARALDA",66,747,33651,232
"66682",11,4.83419785116,-75.5497004837,"Santa Rosa de Cabal","RISARALDA",66,899,71810,15
"66687",61,5.05288554427,-75.9898422536,"Santuario","RISARALDA",66,914,15651,390
"68001",141,7.1571090367,-73.1112762218,"Bucaramanga","SANTANDER",68,118,526827,27
"68020",3,5.77951747681,-73.827209729,"Albania","SANTANDER",68,17,4961,60
"68077",7,5.95570100631,-73.6229505687,"Barbosa","SANTANDER",68,83,28132,25
"68081",464,7.06190385248,-73.7774602315,"Barrancabermeja","SANTANDER",68,86,191764,242
"68092",9,7.0126853689,-73.3874837311,"Betulia","SANTANDER",68,104,5153,175
"68101",39,6.11799634573,-74.1473731999,"Bolívar","SANTANDER",68,111,12658,308
"68147",11,6.52081863911,-72.673509622,"Capitanejo","SANTANDER",68,166,5702,193
"68152",1,6.65983595667,-72.569126268,"Carcasi","SANTANDER",68,170,5086,20
"68162",3,6.90378444573,-72.6461753463,"Cerrito","SANTANDER",68,187,5827,51
"68176",5,6.37197860501,-73.4161024287,"Chima","SANTANDER",68,197,3123,160
"68190",132,6.44113601718,-74.156069425,"Cimitarra","SANTANDER",68,221,42463,311
"68207",2,6.78425289425,-72.6051174566,"Concepción","SANTANDER",68,236,5413,37
"68211",3,6.30812091916,-73.4931804877,"Contratación","SANTANDER",68,244,3596,83
"68217",11,6.23492527376,-72.9818108571,"Coromoro","SANTANDER",68,250,7521,146
"68229",8,6.61838861133,-73.019573378,"Curití","SANTANDER",68,274,11819,68
"68235",14,6.6638477584,-73.5630169969,"El Carmen de Chucurí","SANTANDER",68,295,19696,71
"68245",3,6.25394875587,-73.5360079588,"El Guacamayo","SANTANDER",68,308,2062,145
"68250",40,6.08196675609,-73.8517210884,"El Peñon","SANTANDER",68,315,5217,767
"68255",21,7.52503811463,-73.1813063309,"El Playon","SANTANDER",68,318,12036,174
"68264",2,6.07344091911,-73.0612965756,"Encino","SANTANDER",68,330,2538,79
"68266",4,6.65779951006,-72.6800147617,"Enciso","SANTANDER",68,331,3443,116
"68271",14,5.79994274579,-73.9556327152,"El Florian","SANTANDER",68,307,6317,222
"68276",24,7.08000082689,-73.06890423,"Floridablanca","SANTANDER",68,346,263908,9
"68296",1,6.67227108151,-73.3251338427,"Galán","SANTANDER",68,369,2425,41
"68298",4,5.93087125887,-73.3321307754,"Gambita","SANTANDER",68,372,5053,79
"68307",20,7.03730024027,-73.2489039626,"Girón","SANTANDER",68,378,170771,12
"68377",33,5.90988782855,-74.0544758705,"La Belleza","SANTANDER",68,456,8574,385
"68385",68,6.32731098013,-73.8253785894,"Landazuri","SANTANDER",68,504,15335,443
"68397",14,6.22211297472,-73.6218122057,"La Paz","SANTANDER",68,479,5244,267
"68406",23,7.20417942624,-73.2916252339,"Lebríja","SANTANDER",68,505,36926,62
"68432",21,6.71954883006,-72.7387026767,"Malaga","SANTANDER",68,534,18455,114
"68444",7,7.35015297388,-73.0544217031,"Matanza","SANTANDER",68,555,5413,129
"68468",5,6.64340781397,-72.8193156065,"Molagavita","SANTANDER",68,574,5292,94
"68500",4,6.22563622413,-73.2796232115,"Oiba","SANTANDER",68,622,11573,35
"68524",3,6.39321459026,-73.2821123813,"Palmas del Socorro","SANTANDER",68,649,2285,131
"68547",24,6.96328552912,-73.0061154331,"Piedecuesta","SANTANDER",68,676,142483,17
"68572",9,5.83092176323,-73.6783517058,"Puente Nacional","SANTANDER",68,707,12860,70
"68573",10,6.68518365564,-73.9580114601,"Puerto Parra","SANTANDER",68,728,7317,137
"68575",113,7.58160182182,-73.7879055334,"Puerto Wilches","SANTANDER",68,737,31507,359
"68615",41,7.50280013874,-73.4007221631,"Rionegro","SANTANDER",68,766,27551,149
"68655",31,7.40571148913,-73.5730145295,"Sabana de Torres","SANTANDER",68,783,18944,164
"68689",58,6.89462019882,-73.5418154765,"San Vicente Chuchurí","SANTANDER",68,883,34378,169
"68720",6,6.40878549074,-73.5826791834,"Sta Helena del Opón","SANTANDER",68,956,4330,139
"68745",28,6.66394240753,-73.7017589611,"Simacota","SANTANDER",68,930,7996,350
"68755",15,6.46324292252,-73.2436515301,"Socorro","SANTANDER",68,940,30295,50
"68773",43,6.01446123345,-73.9561109261,"Sucre","SANTANDER",68,962,8559,502
"68861",12,6.23711803038,-73.6927856606,"Vélez","SANTANDER",68,1097,19185,63
"68895",2,6.83482283459,-73.2799772665,"Zapatoca","SANTANDER",68,1110,9019,22
"70001",116,9.31512492244,-75.431435435,"Sincelejo","SUCRE",70,934,267571,43
"70110",20,9.3324203902,-74.9484427562,"Buenavista","SUCRE",70,121,9434,212
"70124",26,8.77892130617,-75.1181904906,"Caimito","SUCRE",70,142,11860,219
"70204",30,9.52562947166,-75.3620895733,"Coloso","SUCRE",70,234,5915,507
"70215",21,9.20272966571,-75.2513175956,"Corozal","SUCRE",70,251,61557,34
"70221",15,9.39161586027,-75.6607044757,"Coveñas","SUCRE",70,256,13060,115
"70230",11,9.5682596581,-75.3198973279,"Chalán","SUCRE",70,191,4322,255
"70233",18,9.07206270244,-75.1444151718,"El Roble","SUCRE",70,321,10312,175
"70235",21,9.13692711408,-74.9791039165,"Galeras","SUCRE",70,368,19556,107
"70265",124,8.3816589412,-74.6735415207,"Guaranda","SUCRE",70,403,16989,730
"70400",5,8.80993472696,-75.2883540238,"La Unión","SUCRE",70,490,10983,46
"70418",40,9.42716897039,-75.2133078281,"Los Palmitos","SUCRE",70,517,19270,208
"70429",80,8.54569562421,-74.7127174124,"Majagual","SUCRE",70,533,32904,243
"70473",10,9.39014565901,-75.3264085977,"Morroa","SUCRE",70,590,14087,71
"70508",30,9.54950892718,-75.1845355859,"Ovejas","SUCRE",70,633,21196,142
"70523",16,9.3392548864,-75.5674113701,"Palmito","SUCRE",70,651,13176,121
"70670",20,9.17065362116,-75.3623654379,"Sampués","SUCRE",70,804,37644,53
"70678",34,8.83825055648,-74.9673140576,"San Benito Abad","SUCRE",70,815,24899,137
"70702",5,9.29169203472,-75.2136755414,"San Juan Betulia","SUCRE",70,846,12515,40
"70708",129,8.57984561498,-75.1696406794,"San Marcos","SUCRE",70,859,55698,232
"70713",59,9.8143296839,-75.4974804095,"San Onofre","SUCRE",70,867,49372,120
"70717",18,9.39825860424,-75.03148274,"San Pedro","SUCRE",70,871,16122,112
"70742",14,9.25410643809,-75.0854592841,"Since","SUCRE",70,933,33039,42
"70771",73,8.82382326693,-74.7473853428,"Sucre","SUCRE",70,961,22366,326
"70820",10,9.53178207139,-75.5362311855,"Tolú","SUCRE",70,1017,32187,31
"70823",29,9.49146957572,-75.4433638907,"Toluviejo","SUCRE",70,1020,18903,153
"73001",882,4.44978297776,-75.253343046,"Ibagué","TOLIMA",73,428,542876,162
"73024",27,3.38992722149,-74.9411275206,"Alpujarra","TOLIMA",73,27,5034,536
"73026",47,4.58249284501,-74.9862827001,"Alvarado","TOLIMA",73,31,8859,531
"73030",28,4.82623295028,-74.8039333238,"Ambalema","TOLIMA",73,34,7000,400
"73043",288,4.63228908592,-75.1924426201,"Anzoátegui","TOLIMA",73,46,18015,1599
"73055",25,5.00664024457,-74.8482341012,"Armero","TOLIMA",73,68,12179,205
"73067",505,3.42204218285,-75.4861210047,"Ataco","TOLIMA",73,71,22371,2257
"73124",180,4.40622639993,-75.4961658877,"Cajamarca","TOLIMA",73,143,19685,914
"73148",5,4.12323805594,-74.7468956006,"Carmen de Apicalá","TOLIMA",73,172,8715,57
"73152",55,5.01716162597,-75.1871789673,"Casabianca","TOLIMA",73,181,6738,816
"73168",581,3.74370068993,-75.5892213241,"Chaparral","TOLIMA",73,193,47082,1234
"73200",26,4.35464505543,-74.9113297685,"Coello","TOLIMA",73,229,9592,271
"73217",662,3.73490815525,-75.1516525744,"Coyaima","TOLIMA",73,257,28221,2346
"73226",118,3.9827106999,-74.6892083852,"Cunday","TOLIMA",73,272,9898,1192
"73236",145,3.59898735491,-74.8012119536,"Dolores","TOLIMA",73,281,8301,1747
"73268",33,4.16659839358,-74.8935018761,"Espinal","TOLIMA",73,334,76341,43
"73270",28,5.07942920863,-74.9569474232,"Falan","TOLIMA",73,337,9232,303
"73275",13,4.24295934076,-74.8372442924,"Flandes","TOLIMA",73,341,28903,45
"73283",63,5.18744554852,-75.0499960825,"Fresno","TOLIMA",73,353,30500,207
"73319",61,4.07660581554,-74.9765750671,"Guamo","TOLIMA",73,400,32877,186
"73347",17,5.06974824291,-75.2416439539,"Herveo","TOLIMA",73,424,8312,205
"73349",31,5.17830391571,-74.7830326254,"Honda","TOLIMA",73,427,25263,123
"73352",134,4.13300692881,-74.5395978611,"Icononzo","TOLIMA",73,429,11148,1202
"73408",28,4.86532569002,-74.9236808561,"Lérida","TOLIMA",73,521,17966,156
"73411",288,4.87808899302,-75.0481089465,"Líbano","TOLIMA",73,523,40822,706
"73443",62,5.23531420674,-74.9068407326,"Mariquita","TOLIMA",73,549,33259,186
"73449",6,4.18627863815,-74.6381541084,"Melgar","TOLIMA",73,561,35439,17
"73461",63,4.82672621577,-75.2199883462,"Murillo","TOLIMA",73,594,5038,1250
"73483",189,3.54044901229,-75.1219117607,"Natagaima","TOLIMA",73,604,22698,833
"73504",331,3.93694962751,-75.2758749056,"Ortega","TOLIMA",73,630,32700,1012
"73520",50,5.09422980556,-75.0186039229,"Palo Cabildo","TOLIMA",73,652,9277,539
"73547",3,4.48521764038,-74.9209029112,"Piedras","TOLIMA",73,677,5584,54
"73555",814,3.10819245135,-75.8298879391,"Planadas","TOLIMA",73,688,29832,2729
"73563",81,3.72908101315,-74.8733915876,"Prado","TOLIMA",73,698,7968,1017
"73585",27,3.85442398408,-74.8739402207,"Purificación","TOLIMA",73,741,29012,93
"73616",542,3.46820604155,-75.8545100726,"Rioblanco","TOLIMA",73,763,24756,2189
"73622",127,4.09712633838,-75.5949020738,"Roncesvalles","TOLIMA",73,774,6317,2010
"73624",399,4.21574514068,-75.3457742818,"Rovira","TOLIMA",73,777,20844,1914
"73671",30,3.91102069939,-75.0203987455,"Saldaña","TOLIMA",73,798,14586,206
"73675",284,3.95772153375,-75.4961847938,"San Antonio","TOLIMA",73,812,14575,1949
"73678",39,4.12891994587,-75.1123396843,"San Luis","TOLIMA",73,855,19186,203
"73686",86,4.72907900736,-75.2074919815,"Santa Isabel","TOLIMA",73,892,6423,1339
"73770",11,4.04931421828,-74.8181276008,"Suárez","TOLIMA",73,970,4545,242
"73854",27,4.1817719101,-75.1715867764,"Valle de San Juan","TOLIMA",73,1058,6317,427
"73861",114,4.71002603482,-74.9210940552,"Venadillo","TOLIMA",73,1065,19437,587
"73870",100,4.9650622022,-75.1564724183,"Villahermosa","TOLIMA",73,1082,10818,924
"73873",91,3.85485515902,-74.6191657564,"Villarrica","TOLIMA",73,1089,5599,1625
"76001",1692,3.40066510649,-76.5739267859,"Cali","VALLE",76,152,2319684,73
"76020",62,4.67874859259,-75.7822409943,"Alcalá","VALLE",76,20,20512,302
"76036",27,4.14502647321,-76.1649690919,"Andalucía","VALLE",76,37,17865,151
"76041",44,4.79538481727,-76.0304796924,"Ansermanuevo","VALLE",76,44,19771,223
"76054",74,4.70561644623,-76.1419077229,"Argelia","VALLE",76,62,6493,1140
"76100",196,4.36273174127,-76.3627195879,"Bolívar","VALLE",76,112,13827,1418
"76109",25397,3.60294992907,-77.0761081703,"Buenaventura","VALLE",76,120,384504,6605
"76111",115,3.85550971337,-76.100170375,"Buga","VALLE",76,127,115609,99
"76113",95,4.1968301754,-76.0899312644,"Bugalagrande","VALLE",76,128,21264,447
"76122",94,4.30232341048,-75.8402889174,"Caicedonia","VALLE",76,141,30032,313
"76126",103,3.95107109129,-76.6269356403,"Calima","VALLE",76,154,15712,656
"76130",151,3.38736145501,-76.3845482109,"Candelaria","VALLE",76,162,79297,190
"76147",163,4.70786610753,-75.9174033485,"Cartago","VALLE",76,179,130820,125
"76233",211,3.63593770103,-76.7195975906,"Dagua","VALLE",76,278,36159,584
"76243",62,4.91146836355,-76.064660083,"El Águila","VALLE",76,287,10987,564
"76246",29,4.7582230714,-76.2152633954,"El Cairo","VALLE",76,290,9847,295
"76248",63,3.67698268058,-76.2088210461,"El Cerrito","VALLE",76,297,56892,111
"76250",108,4.5399252378,-76.2781465314,"El Dovio","VALLE",76,304,8701,1241
"76275",176,3.30567997603,-76.1685884455,"Florida","VALLE",76,345,57699,305
"76306",36,3.74563109507,-76.1903122666,"Ginebra","VALLE",76,377,20665,174
"76318",71,3.78433001235,-76.2936835928,"Guacarí","VALLE",76,389,33955,209
"76364",357,3.20108723218,-76.619024224,"Jamundí","VALLE",76,442,114707,311
"76377",32,3.67860854269,-76.5874085121,"La Cumbre","VALLE",76,463,11418,280
"76400",95,4.53818820111,-76.1018758119,"La Unión","VALLE",76,491,36452,261
"76403",30,4.48092452719,-75.9677717159,"La Victoria","VALLE",76,498,13426,223
"76497",26,4.59672658746,-75.949308168,"Obando","VALLE",76,619,14837,175
"76520",301,3.56020763918,-76.2258325867,"Palmira","VALLE",76,650,300707,100
"76563",299,3.42134858718,-76.1788193982,"Pradera","VALLE",76,697,53804,556
"76606",55,3.8126576587,-76.5558802311,"Restrepo","VALLE",76,759,16145,341
"76616",108,4.11378406074,-76.3626341713,"Riofrio","VALLE",76,764,15193,711
"76622",188,4.44263728218,-76.1648099415,"Roldanillo","VALLE",76,773,33153,567
"76670",12,3.97950074483,-76.2083376133,"San Pedro","VALLE",76,873,17644,68
"76736",110,4.19196609377,-75.8885711682,"Sevilla","VALLE",76,923,45696,241
"76823",80,4.63803311369,-76.0804153081,"Toro","VALLE",76,1025,16277,491
"76828",308,4.23134358542,-76.3522871041,"Trujillo","VALLE",76,1029,18223,1690
"76834",620,4.03000646201,-76.0352980504,"Tuluá","VALLE",76,1032,206610,300
"76845",21,4.70748030896,-75.7777500696,"Ulloa","VALLE",76,1045,5520,380
"76863",22,4.62627864791,-76.2169884328,"Versalles","VALLE",76,1070,7411,297
"76869",14,3.74553886481,-76.4700825068,"Vijes","VALLE",76,1075,10748,130
"76890",35,3.90384132969,-76.3901888319,"Yotoco","VALLE",76,1107,16119,217
"76892",76,3.59687149425,-76.5105083678,"Yumbo","VALLE",76,1108,111753,68
"76895",122,4.35305022967,-76.0512962043,"Zarzal","VALLE",76,1113,44342,275
"8001",265,10.9817845643,-74.830668752,"Barranquilla","ATLANTICO",8,90,1206946,22
"8078",20,10.7929518679,-74.9217930936,"Baranoa","ATLANTICO",8,79,56641,35
"81001",361,6.78872640867,-70.4806509201,"Arauca","ARAUCA",81,53,85994,420
"81065",363,6.79845356206,-71.30966492,"Arauquita","ARAUCA",81,54,40432,898
"81220",16,6.35387498028,-70.1031570942,"Cravo Norte","ARAUCA",81,258,3390,472
"81300",146,6.69589787092,-71.8552849873,"Fortul","ARAUCA",81,349,24663,592
"81591",25,6.41100720386,-70.9628378531,"Puerto Rondón","ARAUCA",81,731,3861,648
"81736",420,6.90425108214,-71.8561798569,"Saravena","ARAUCA",81,916,46425,905
"81794",670,6.39062201638,-71.7899051312,"Tame","ARAUCA",81,981,51762,1294
"8296",19,10.8975796324,-74.886634507,"Galapa","ATLANTICO",8,367,40420,47
"8421",26,10.6338761768,-75.1599741684,"Luruaco","ATLANTICO",8,522,26206,99
"8433",51,10.8481572249,-74.8053183815,"Malambo","ATLANTICO",8,535,117283,43
"85001",155,5.24253900135,-72.2575134239,"Yopal","CASANARE",85,1106,133220,116
"85010",63,5.12632533952,-72.5482866414,"Aguazul","CASANARE",85,13,36335,173
"85015",23,5.22536926983,-72.8684832092,"Chameza","CASANARE",85,192,2352,978
"85125",23,6.10956707323,-71.1379746336,"Hato Corozal","CASANARE",85,420,11719,196
"85136",21,6.17827599952,-72.3465307226,"La Salina","CASANARE",85,486,1394,1506
"85139",30,4.67577325973,-72.212717755,"Maní","CASANARE",85,542,11142,269
"85162",14,4.84127627525,-72.8475011015,"Monterrey","CASANARE",85,584,14436,97
"85225",44,5.53195269479,-72.0985099708,"Nunchía","CASANARE",85,617,8738,504
"85230",12,4.91524987362,-71.6007136251,"Orocué","CASANARE",85,629,8207,146
"85250",79,5.77976733158,-70.8703228149,"Paz de Ariporo","CASANARE",85,666,26741,295
"85263",18,5.66307677381,-71.9255420041,"Pore","CASANARE",85,695,7921,227
"85279",1,5.26317898624,-72.7709383219,"Recetor","CASANARE",85,753,3770,27
"85315",9,6.05003632123,-72.2098696098,"Sacama","CASANARE",85,791,1944,463
"85325",3,5.23182243597,-71.5926607631,"San Luis de Palenque","CASANARE",85,858,7688,39
"85400",72,5.88151106692,-72.2077171641,"Tamara","CASANARE",85,980,7051,1021
"85410",26,4.69699279745,-72.628690084,"Tauramena","CASANARE",85,990,20830,125
"85430",15,5.36776253502,-71.1956059277,"Trinidad","CASANARE",85,1028,14046,107
"85440",72,4.52305142078,-72.817048274,"Villanueva","CASANARE",85,1086,23433,307
"8558",1,10.7672323478,-74.8542748309,"Polonuevo","ATLANTICO",8,692,15018,7
"8560",2,10.5953064514,-74.7974562594,"Ponedera","ATLANTICO",8,693,21584,9
"8573",20,11.0023655901,-74.9190128704,"Puerto Colombia","ATLANTICO",8,716,27309,73
"86001",225,1.21665614911,-76.663905544,"Mocoa","PUTUMAYO",86,572,40579,554
"8606",1,10.5076799813,-75.1161413709,"Repelon","ATLANTICO",8,757,25420,4
"86219",11,1.23137108982,-76.9645405248,"Colón","PUTUMAYO",86,232,5427,203
"86320",701,0.67570462304,-76.9421820732,"Orito","PUTUMAYO",86,628,50424,1390
"8634",26,10.798009195,-74.768502919,"Sabanagrande","ATLANTICO",8,784,30362,86
"8638",11,10.622390852,-74.9553414563,"Sabanalarga","ATLANTICO",8,785,95966,11
"86568",1358,0.48859389219,-76.3084740363,"Puerto Asís","PUTUMAYO",86,711,58951,2304
"86569",341,0.71836696867,-76.4942535428,"Puerto Caicedo","PUTUMAYO",86,714,14484,2354
"86571",935,0.74471530477,-75.8783068039,"Puerto Guzmán","PUTUMAYO",86,721,23426,3991
"86573",768,0.06175645146,-75.063483592,"Puerto Leguízamo","PUTUMAYO",86,723,15517,4949
"86749",44,1.22954737495,-76.9015618398,"Sibundoy","PUTUMAYO",86,926,13963,315
"86755",4,1.18923669918,-76.8419899973,"San Francisco","PUTUMAYO",86,833,7029,57
"86757",558,0.30603050503,-76.8582099469,"San Miguel","PUTUMAYO",86,864,25476,2190
"86760",13,1.06963169963,-76.955347193,"Santiago","PUTUMAYO",86,910,10192,128
"86865",934,0.41338090931,-76.8493299163,"Valle del Guamuéz","PUTUMAYO",86,1059,50582,1847
"86885",270,0.89776388105,-76.7264421589,"Villagarzón","PUTUMAYO",86,1080,21004,1285
"8758",143,10.9081062563,-74.7646517449,"Soledad","ATLANTICO",8,944,582774,25
"91001",50,-3.53374846084,-70.0412993285,"Leticia","AMAZONAS",91,509,40673,123
"91263",12,-1.99656377404,-72.7235441255,"El Encanto","AMAZONAS",91,305,4752,253
"91430",4,-0.11200595097,-71.1294258934,"La Victoria","AMAZONAS",91,499,1078,371
"91460",3,-0.68549610847,-71.1852418266,"Mirití-Parana","AMAZONAS",91,568,1546,194
"91530",12,-0.95440778969,-73.7482772432,"Puerto Alegria","AMAZONAS",91,709,1788,671
"91536",4,-1.90681747736,-71.151253238,"Puerto Arica","AMAZONAS",91,710,1370,292
"91540",4,-3.6414581434,-70.4686020516,"Puerto Nariño","AMAZONAS",91,727,7925,50
"91669",9,-1.0990955379,-71.9358891487,"Puerto Santander","AMAZONAS",91,734,2815,320
"91798",4,-2.45935889558,-70.0015733521,"Tarapaca","AMAZONAS",91,985,4114,97
"94001",145,3.32016596661,-68.4506616099,"Inirida","GUAINIA",94,432,19464,745
"94343",22,3.30966144528,-69.3972585442,"Barranco Mina","GUAINIA",94,89,4776,461
"94663",14,2.80712155704,-70.2504544286,"Mapiripana","GUAINIA",94,544,2898,483
"94884",4,2.50822897112,-68.2045619309,"Puerto Colombia","GUAINIA",94,717,4538,88
"94886",1,3.38901921606,-67.5811983609,"Cacahual","GUAINIA",94,138,2270,44
"94888",5,2.42124965351,-69.844646561,"Morichal Nuevo","GUAINIA",94,589,1089,459
"95001",1060,2.49293818813,-71.8898495591,"San José Guaviare","GUAVIARE",95,845,62437,1698
"95015",205,1.63050671597,-73.0295802044,"Calamar","GUAVIARE",95,147,9519,2154
"95025",219,2.08633239726,-71.5190850791,"El Retorno","GUAVIARE",95,320,22192,987
"95200",232,1.36289404219,-72.0169969766,"Miraflores","GUAVIARE",95,566,13786,1683
"97001",97,1.03335479559,-70.4130782405,"Mitú","VAUPES",97,570,30962,313
"97161",45,1.02864530412,-71.3392228881,"Carurú","VAUPES",97,180,3317,1357
"99001",35,5.83510090945,-68.1454931674,"Puerto Carreño","VICHADA",99,715,15258,229
"99524",31,5.46760566991,-69.6970208194,"La Primavera","VICHADA",99,485,14294,217
"99624",8,4.98862361866,-70.8223969009,"Santa Rosalia","VICHADA",99,902,3877,206
"99773",280,4.26251608702,-69.5213672027,"Cumaribo","VICHADA",99,269,35146,797
